{"shoulder_width": 0.1708606481552124, "height": 0.4624033272266388}